<?xml version="1.0" encoding="UTF-8"?>
<beans:beans xmlns="http://www.springframework.org/schema/mvc"
	xmlns:xsi="http://www.w3.org/2001/XMLSchema-instance"
	xmlns:beans="http://www.springframework.org/schema/beans"
	xmlns:context="http://www.springframework.org/schema/context"
	xmlns:security="http://www.springframework.org/schema/security"
	xmlns:websocket="http://www.springframework.org/schema/websocket"
	xsi:schemaLocation="http://www.springframework.org/schema/security 
		http://www.springframework.org/schema/security/spring-security.xsd
		http://www.springframework.org/schema/mvc https://www.springframework.org/schema/mvc/spring-mvc.xsd
		http://www.springframework.org/schema/beans https://www.springframework.org/schema/beans/spring-beans.xsd
		http://www.springframework.org/schema/context https://www.springframework.org/schema/context/spring-context.xsd
		http://www.springframework.org/schema/websocket
		http://www.springframework.org/schema/websocket/spring-websocket.xsd
		">

	<!-- DispatcherServlet Context: defines this servlet's request-processing infrastructure -->
	
	<!-- Enables the Spring MVC @Controller programming model -->
	<annotation-driven />

	<!-- Handles HTTP GET requests for /resources/** by efficiently serving up static resources in the ${webappRoot}/resources directory -->
	<resources mapping="/resources/**" location="/resources/" />
	
	<!-- 수정2 0716 -->
	<resources mapping="/img/**" location="file:///C:/upload/" />
	<!-- 수정2 0716 -->

	<!-- Resolves views selected for rendering by @Controllers to .jsp resources in the /WEB-INF/views directory -->
	<beans:bean class="org.springframework.web.servlet.view.InternalResourceViewResolver">
		<beans:property name="prefix" value="/WEB-INF/views/" />
		<beans:property name="suffix" value=".jsp" />
	</beans:bean>
	
	<context:component-scan base-package="com.artauction.controller" />
	
	<!-- 수정1 0715 -->
	<beans:bean id="multipartResolver" class="org.springframework.web.multipart.support.StandardServletMultipartResolver">
	</beans:bean>
	<!-- 수정1 0715 -->
	
	
	<!-- 수정3 0720 -->
	<security:global-method-security pre-post-annotations="enabled" secured-annotations="enabled">
	</security:global-method-security>
	<!-- 수정3 0720 -->
	
	<!-- 
    <beans:bean id="webSocketHandler" class="com.vote.common.websocket.WebSocketHandler" />
	 -->
	 <!-- 
	 <beans:bean id="webSocketHandler" class="com.artauction.socketHandler.EchoHandler" />
	 <websocket:handlers>
		<websocket:mapping handler="com.artauction.socketHandlerHandler.EchoHandler" path="/echo" />
		<websocket:handshake-interceptors>
	         <beans:bean class="org.springframework.web.socket.server.support.HttpSessionHandshakeInterceptor"/>
	      </websocket:handshake-interceptors>
 
	      <websocket:sockjs/>
	 </websocket:handlers>
	  -->
	 <!--  <beans:bean id="EchoHandler" class="com.artauction.socketHandler.EchoHandler" />
	 <websocket:handlers>
		<websocket:mapping handler="EchoHandler" path="/websocket/echo.do" />
		<websocket:handshake-interceptors>
	         <beans:bean class="org.springframework.web.socket.server.support.HttpSessionHandshakeInterceptor"/>
	      </websocket:handshake-interceptors>
 
	      <websocket:sockjs/>
	 </websocket:handlers> -->
	 
	 
	 <!-- 웹소켓 사용 -->
	<beans:bean id="echoHandler" class="com.artauction.socketHandler.WebSocketHandler"/>
    <websocket:handlers>
		<websocket:mapping handler="echoHandler" path="/echo" />
			<websocket:handshake-interceptors>
		         <beans:bean class="org.springframework.web.socket.server.support.HttpSessionHandshakeInterceptor"/>
		      </websocket:handshake-interceptors>
		<websocket:sockjs />
	</websocket:handlers>
    
    
</beans:beans>
